player_display_name,position_group,current_team,is_rookie,draft_round,draft_number,projected_ppg,ppg_median,ppg_floor,ppg_ceiling,projected_games,projected_total,total_floor,total_ceiling,pos_rank
Jahmyr Gibbs,RB,DET,0.0,1.0,12.0,26.9,28.8,17.1,30.1,14.5,391,248,437,1
Bijan Robinson,RB,ATL,0.0,1.0,8.0,25.2,24.4,15.9,30.1,13.8,349,220,417,2
James Cook,RB,BUF,0.0,2.0,63.0,23.1,18.8,14.6,30.1,13.9,320,203,418,3
De'Von Achane,RB,MIA,0.0,3.0,84.0,21.5,19.3,13.2,30.1,14.6,314,193,440,4
Jonathan Taylor,RB,IND,0.0,2.0,41.0,20.9,19.8,16.2,30.1,13.8,289,224,417,5
Ashton Jeanty,RB,LV,0.0,1.0,6.0,17.3,17.0,10.0,29.0,15.2,263,152,441,6
Derrick Henry,RB,BAL,0.0,2.0,45.0,17.9,17.3,12.3,24.7,13.8,248,170,341,7
TreVeyon Henderson,RB,NE,0.0,2.0,38.0,17.0,15.5,8.6,23.0,14.4,245,123,331,8
Josh Jacobs,RB,GB,0.0,1.0,24.0,16.7,16.2,12.5,24.2,13.7,229,171,332,9
Chase Brown,RB,CIN,0.0,5.0,163.0,16.1,16.4,12.3,24.4,14.2,228,174,346,10
Christian McCaffrey,RB,SF,0.0,1.0,8.0,26.5,19.3,13.3,30.1,8.6,227,114,258,11
Javonte Williams,RB,DAL,0.0,2.0,35.0,15.3,14.5,8.1,20.1,14.3,219,115,288,12
RJ Harvey,RB,DEN,0.0,2.0,60.0,14.6,14.6,8.0,21.4,14.6,213,117,312,13
Breece Hall,RB,NYJ,0.0,2.0,36.0,14.3,14.3,9.9,17.3,13.9,198,137,240,14
Quinshon Judkins,RB,CLE,0.0,2.0,36.0,14.7,14.8,7.0,20.6,13.5,198,95,277,15
D'Andre Swift,RB,CHI,0.0,2.0,35.0,13.8,14.1,10.8,17.8,14.1,194,152,250,16
Jaylen Warren,RB,PIT,0.0,,,13.4,12.5,6.4,16.5,14.5,194,93,240,17
Saquon Barkley,RB,PHI,0.0,1.0,2.0,14.5,14.7,9.2,30.1,12.6,184,116,381,18
Jeremiyah Love,RB,ARI,1.0,1.0,3.0,15.7,14.6,4.5,19.9,11.6,182,52,230,19
Zach Charbonnet,RB,SEA,0.0,2.0,52.0,12.3,12.5,5.5,16.0,14.7,181,81,236,20
Kyren Williams,RB,LAR,0.0,5.0,164.0,14.3,14.1,5.2,23.0,12.5,179,65,289,21
Omarion Hampton,RB,LAC,0.0,1.0,22.0,13.0,13.4,5.2,19.4,12.3,159,64,239,22
Travis Etienne,RB,NO,0.0,1.0,25.0,12.8,12.3,6.4,17.9,12.2,156,78,218,23
Bucky Irving,RB,TB,0.0,4.0,125.0,13.5,13.2,7.3,21.2,11.5,156,84,243,24
Tony Pollard,RB,TEN,0.0,4.0,128.0,11.2,10.4,4.9,15.8,13.4,151,66,211,25
J.K. Dobbins,RB,DEN,0.0,2.0,55.0,12.6,11.1,3.8,16.2,10.5,132,39,170,26
Kyle Monangai,RB,CHI,0.0,7.0,233.0,9.7,7.4,2.0,14.9,13.4,130,27,200,27
Alvin Kamara,RB,NO,0.0,3.0,67.0,9.6,10.7,4.0,15.4,13.3,127,53,205,28
Kenneth Walker III,RB,KC,0.0,2.0,41.0,10.1,10.5,4.4,16.7,12.5,127,55,209,29
Jadarian Price,RB,SEA,1.0,1.0,32.0,10.8,10.7,2.5,14.7,11.7,126,29,172,30
Tyrone Tracy Jr.,RB,NYG,0.0,5.0,166.0,9.1,8.5,3.3,14.6,13.3,121,43,193,31
Woody Marks,RB,HOU,0.0,4.0,116.0,8.9,10.1,2.2,15.9,13.4,120,30,214,32
James Conner,RB,ARI,0.0,3.0,105.0,12.1,10.1,3.3,16.2,9.9,119,33,160,33
Cam Skattebo,RB,NYG,0.0,4.0,105.0,12.0,11.2,2.6,18.5,9.8,117,25,181,34
Kenny Gainwell,RB,TB,0.0,5.0,150.0,9.5,9.1,5.4,14.5,12.1,115,65,175,35
David Montgomery,RB,HOU,0.0,3.0,73.0,9.1,8.1,2.1,15.3,12.3,113,26,189,36
Jacory Croskey-Merritt,RB,WAS,0.0,7.0,245.0,8.6,8.0,2.0,14.6,12.7,109,25,185,37
Rhamondre Stevenson,RB,NE,0.0,4.0,120.0,9.1,9.2,4.0,14.7,11.8,107,47,174,38
Chuba Hubbard,RB,CAR,0.0,4.0,126.0,8.4,8.0,2.9,14.4,12.4,103,36,179,40
Devin Singletary,RB,NYG,0.0,3.0,74.0,6.7,4.2,0.5,12.3,14.1,94,7,174,41
Rico Dowdle,RB,PIT,0.0,,,8.3,10.4,5.4,15.3,11.2,93,60,171,42
Blake Corum,RB,LAR,0.0,3.0,83.0,7.8,5.3,0.0,13.6,11.9,93,0,162,43
Bhayshul Tuten,RB,JAX,0.0,4.0,104.0,7.4,5.8,0.8,11.4,12.4,92,10,142,44
Tyjae Spears,RB,TEN,0.0,3.0,81.0,7.4,6.4,1.5,14.6,11.9,88,18,174,45
Aaron Jones,RB,MIN,0.0,5.0,182.0,7.4,6.5,2.9,14.3,11.4,84,33,162,46
Dylan Sampson,RB,CLE,0.0,4.0,126.0,6.8,5.8,0.5,12.8,12.3,84,7,157,47
Kimani Vidal,RB,LAC,0.0,6.0,181.0,7.5,6.5,0.4,15.6,10.9,82,5,170,48
Jordan Mason,RB,MIN,0.0,,,6.2,6.0,0.0,13.6,12.6,79,0,171,49
Rachaad White,RB,WAS,0.0,3.0,91.0,6.1,6.3,0.1,14.3,12.5,76,2,178,50
Trey Benson,RB,ARI,0.0,3.0,66.0,6.2,5.0,0.0,13.2,10.4,65,0,137,53
Ollie Gordon II,RB,MIA,0.0,6.0,179.0,4.5,2.5,0.0,10.1,13.6,61,0,137,54
Brian Robinson,RB,ATL,0.0,3.0,98.0,5.3,4.0,0.0,13.2,11.1,59,0,146,55
Devin Neal,RB,NO,0.0,6.0,184.0,5.4,3.6,0.0,12.6,10.0,54,0,125,56
Isaiah Davis,RB,NYJ,0.0,5.0,173.0,4.3,4.0,0.0,9.7,12.3,53,0,120,57
Michael Carter,RB,TEN,0.0,4.0,107.0,4.2,3.5,0.0,12.5,11.9,51,0,149,58
Sean Tucker,RB,TB,0.0,,,4.2,4.2,-2.8,10.8,12.2,51,-34,132,59
Tyler Allgeier,RB,ARI,0.0,5.0,151.0,4.0,2.9,-2.8,12.2,11.3,46,-32,138,60
Ty Johnson,RB,BUF,0.0,6.0,186.0,3.6,3.1,0.0,9.2,12.2,44,0,112,62
Jawhar Jordan,RB,HOU,0.0,6.0,205.0,4.6,3.9,-2.8,14.3,9.5,44,-27,136,63
Bam Knight,RB,ARI,0.0,,,4.7,3.0,-2.8,13.2,8.9,42,-25,118,64
Tank Bigsby,RB,PHI,0.0,3.0,88.0,3.5,4.7,0.0,10.4,11.8,42,0,123,65
Justice Hill,RB,BAL,0.0,4.0,113.0,3.8,3.5,0.2,10.9,10.8,41,2,118,66
Brashard Smith,RB,KC,0.0,7.0,228.0,3.3,1.5,0.3,9.4,12.3,41,3,116,67
Trevor Etienne,RB,CAR,0.0,4.0,114.0,2.9,1.5,-2.8,7.8,13.3,39,-37,104,68
Audric Estimé,RB,NO,0.0,5.0,147.0,3.4,3.9,0.0,12.6,10.5,36,0,132,70
Kaleb Johnson,RB,PIT,0.0,3.0,83.0,3.9,1.4,-2.8,10.2,8.9,35,-25,91,71
Isiah Pacheco,RB,DET,0.0,7.0,251.0,4.1,3.2,-0.0,10.6,8.3,34,0,88,74
Jerome Ford,RB,WAS,0.0,5.0,156.0,3.6,2.1,-0.2,9.5,8.6,31,-2,81,75
Keaton Mitchell,RB,LAC,0.0,,,4.0,0.9,-2.8,8.4,7.7,31,-21,65,76
Kendre Miller,RB,NO,0.0,3.0,71.0,5.0,3.3,-0.2,10.1,6.2,31,-1,62,77
Samaje Perine,RB,CIN,0.0,4.0,114.0,2.7,3.3,0.0,8.1,10.8,30,0,88,78
Jeremy McNichols,RB,WAS,0.0,5.0,162.0,2.7,2.7,-2.8,7.5,10.9,30,-31,82,79
Jonah Coleman,RB,DEN,1.0,4.0,108.0,3.2,2.5,-2.8,10.8,9.0,29,-25,97,80
Mike Washington Jr.,RB,LV,1.0,4.0,122.0,2.9,1.2,-2.8,11.6,9.5,28,-27,110,81
Ray Davis,RB,BUF,0.0,4.0,128.0,2.1,1.7,0.0,8.3,12.9,27,0,107,82
Emanuel Wilson,RB,SEA,0.0,,,2.6,2.8,-2.8,9.8,9.9,26,-28,97,84
Raheim Sanders,RB,CLE,0.0,,,3.7,2.0,-2.8,8.3,6.9,25,-19,57,85
Malik Davis,RB,DAL,0.0,,,2.8,2.2,-2.8,9.5,8.7,24,-24,83,86
Jaylen Wright,RB,MIA,0.0,4.0,120.0,2.5,3.8,-2.8,11.2,9.4,24,-26,105,87
Jaret Patterson,RB,LAC,0.0,,,2.9,1.6,-2.8,8.9,7.9,23,-22,70,88
Emmett Johnson,RB,KC,1.0,5.0,161.0,2.6,0.8,-2.8,10.1,8.9,23,-25,90,89
Kyle Juszczyk,RB,SF,0.0,4.0,130.0,1.8,1.4,0.0,5.8,11.3,21,0,66,90
Zavier Scott,RB,MIN,0.0,,,2.2,1.3,-2.8,8.4,9.5,21,-26,80,91
Jaleel McLaughlin,RB,DEN,0.0,,,1.9,1.7,-2.8,6.2,9.3,18,-26,58,92
Ameer Abdullah,RB,JAX,0.0,2.0,54.0,1.7,2.9,-2.8,9.2,10.0,17,-28,92,93
Brittain Brown,RB,CHI,0.0,7.0,250.0,2.9,2.0,-2.8,10.8,5.9,17,-17,64,94
Emari Demercado,RB,KC,0.0,,,2.0,1.5,-2.8,8.9,8.6,17,-24,77,95
Tyler Badie,RB,DEN,0.0,6.0,196.0,1.3,0.6,-2.8,5.3,10.7,14,-30,57,96
Chris Rodriguez Jr.,RB,JAX,0.0,6.0,193.0,1.9,2.9,-2.8,10.1,7.4,14,-21,75,97
Isaac Guerendo,RB,SF,0.0,4.0,129.0,1.6,0.4,-2.8,6.0,8.5,13,-24,51,98
LeQuint Allen Jr.,RB,JAX,0.0,7.0,236.0,1.1,0.0,-2.8,6.1,11.7,13,-33,71,99
Tahj Brooks,RB,CIN,0.0,6.0,193.0,1.1,0.5,-2.8,7.8,11.1,12,-31,86,100
Noah Whittington,RB,HOU,1.0,,,1.9,0.0,-2.8,9.2,6.2,12,-17,57,101
Hunter Luepke,RB,DAL,0.0,,,1.1,0.6,-2.8,5.7,10.0,11,-28,57,102
Corey Kiner,RB,ARI,0.0,,,1.6,0.0,-2.8,7.0,7.1,11,-20,50,103
Seth McGowan,RB,IND,1.0,7.0,237.0,2.2,0.2,-2.8,7.7,5.1,11,-14,39,104
AJ Dillon,RB,CAR,0.0,2.0,62.0,1.4,1.0,-2.8,5.8,6.8,10,-19,39,105
Chris Brooks,RB,GB,0.0,,,1.0,0.0,-2.8,6.0,10.4,10,-29,62,106
Demond Claiborne,RB,MIN,1.0,6.0,198.0,1.2,0.0,-2.8,8.9,8.0,10,-22,71,107
Connor Heyward,RB,LV,0.0,6.0,208.0,1.2,0.0,-2.8,3.2,7.2,9,-20,23,108
Jaydon Blue,RB,DAL,0.0,5.0,149.0,1.5,0.3,-2.8,7.4,6.1,9,-17,45,109
Kendall Milton,RB,CIN,0.0,,,1.4,0.1,-2.8,8.4,5.4,8,-15,46,110
Braelon Allen,RB,NYJ,0.0,4.0,134.0,1.1,1.2,-2.8,9.2,6.4,7,-18,59,111
Amar Johnson,RB,LAC,0.0,,,1.0,0.0,-2.8,5.5,6.3,7,-18,34,112
Roschon Johnson,RB,CHI,0.0,4.0,115.0,0.8,1.0,-2.8,7.2,7.6,6,-21,54,113
Robert Henry Jr.,RB,WAS,1.0,,,0.9,0.0,-2.8,8.2,6.5,6,-18,54,114
Nicholas Singleton,RB,TEN,1.0,5.0,165.0,1.2,0.0,-2.8,8.4,5.5,6,-16,46,115
Evan Hull,RB,HOU,0.0,5.0,176.0,1.0,0.0,-2.8,8.1,4.3,5,-12,35,117
Ulysses Bentley IV,RB,IND,0.0,,,1.0,0.1,-2.8,6.8,5.2,5,-15,35,118
Nate Carter,RB,ATL,0.0,,,1.0,0.0,-2.8,7.3,5.7,5,-16,42,119
CJ Donaldson,RB,NO,1.0,,,1.3,0.0,-2.8,8.7,4.0,5,-11,35,120
Adam Randall,RB,BAL,1.0,5.0,174.0,0.8,0.0,-2.8,8.2,6.5,5,-18,53,121
Rasheen Ali,RB,BAL,0.0,5.0,165.0,0.4,0.0,-2.8,3.2,9.3,4,-26,30,123
DJ Giddens,RB,IND,0.0,5.0,151.0,0.6,0.0,-2.8,5.9,7.5,4,-21,44,124
Josh Williams,RB,TB,0.0,,,0.7,0.0,-2.8,6.8,6.0,4,-17,40,125
Eli Heidenreich,RB,PIT,1.0,7.0,230.0,0.7,0.0,-2.8,8.0,6.1,4,-17,49,126
Roman Hemby,RB,LV,1.0,,,1.2,0.0,-2.8,8.9,3.6,4,-10,32,127
Lew Nichols III,RB,PIT,0.0,7.0,235.0,0.4,0.0,-2.8,6.1,6.1,3,-17,37,128
Will Shipley,RB,PHI,0.0,4.0,127.0,0.3,0.0,-2.8,3.8,11.4,3,-32,44,129
Kaytron Allen,RB,WAS,1.0,6.0,187.0,0.5,0.0,-2.8,9.2,5.8,3,-16,53,130
Jacardia Wright,RB,SEA,0.0,,,0.4,0.0,-2.8,5.7,5.2,2,-14,29,133
J'Mari Taylor,RB,JAX,1.0,,,0.5,0.0,-2.8,8.3,4.6,2,-13,38,135
Elijah Mitchell,RB,PHI,0.0,6.0,194.0,0.1,0.0,-2.8,8.5,6.7,1,-19,57,137
George Holani,RB,SEA,0.0,,,0.1,0.0,-2.8,3.6,9.0,1,-25,33,139
Terrell Jennings,RB,NE,0.0,,,0.1,0.0,-2.8,4.8,7.3,1,-21,36,140
DeeJay Dallas,RB,JAX,0.0,4.0,144.0,0.0,-2.8,-2.8,2.7,7.7,0,-22,21,146
Gary Brightwell,RB,CIN,0.0,6.0,196.0,0.0,-2.8,-2.8,2.7,5.3,0,-15,15,147
Kene Nwangwu,RB,NYJ,0.0,4.0,119.0,0.0,-0.2,-2.8,3.8,6.8,0,-19,26,148
Tyler Goodson,RB,ATL,0.0,,,0.0,-2.8,-2.8,4.5,6.1,0,-17,27,151
Dameon Pierce,RB,PHI,0.0,4.0,107.0,0.0,0.0,-2.8,5.7,4.0,0,-11,23,152
Ty Chandler,RB,NO,0.0,5.0,169.0,0.0,-0.2,-2.8,5.2,5.5,0,-15,29,153
Ronnie Rivers,RB,LAR,0.0,,,0.0,-2.8,-2.8,5.0,5.2,0,-15,26,154
Julius Chestnut,RB,TEN,0.0,,,0.0,-2.8,-2.8,2.3,8.2,0,-23,19,155
Eric Gray,RB,NYG,0.0,5.0,172.0,0.0,-0.4,-2.8,5.3,7.0,0,-20,37,157
Jacob Saylors,RB,DET,0.0,,,0.0,0.0,-2.8,5.5,9.7,0,-27,54,159
Sione Vaki,RB,DET,0.0,4.0,132.0,0.0,-2.8,-2.8,5.3,8.1,0,-23,43,160
Dylan Laube,RB,LV,0.0,6.0,208.0,0.0,-2.8,-2.8,3.5,9.0,0,-25,31,161
British Brooks,RB,HOU,0.0,,,0.0,-2.8,-2.8,2.7,6.2,0,-17,17,162
Kalel Mullings,RB,TEN,0.0,6.0,188.0,0.0,-0.2,-2.8,6.7,6.5,0,-18,44,163
Adam Prentice,RB,DEN,0.0,,,-0.1,-0.2,-2.8,0.3,10.1,-1,-28,3,166
Patrick Ricard,RB,NYG,0.0,,,-2.8,-2.8,-2.8,0.0,4.5,-13,-13,0,168
Travis Homer,RB,PIT,0.0,6.0,204.0,-2.8,-2.8,-2.8,2.1,4.8,-13,-13,10,169
Robbie Ouzts,RB,SEA,0.0,5.0,175.0,-2.8,-2.8,-2.8,3.2,5.8,-16,-16,19,170
Alec Ingold,RB,LAC,0.0,,,-2.8,-2.8,-2.8,1.3,6.0,-17,-17,8,171
Reggie Gilliam,RB,NE,0.0,,,-2.8,-2.8,-2.8,0.1,6.1,-17,-17,0,172
Andrew Beck,RB,NYJ,0.0,,,-2.8,-2.8,-2.8,1.3,7.1,-20,-20,9,174
Brady Russell,RB,SEA,0.0,,,-2.8,-2.8,-2.8,1.2,7.9,-22,-22,10,175
